[
  {
    "id": 1,
    "nome": "harry potter",
    "cpf": 45445646545,
    "senha": "123456",
    "telefone": 16992,
    "cep": "141400000",
    "rua": "Alfeneiros ",
    "numero": 8,
    "cidade": "londres",
    "estado": "MG"
  },
  {
    "id": 2,
    "nome": "hermione",
    "cpf": 12345678912,
    "senha": "123456",
    "telefone": 16992,
    "cep": "141400000",
    "rua": "de londres",
    "numero": 5,
    "cidade": "londres",
    "estado": "RJ"
  },
  {
    "id": 3,
    "nome": "tim maia",
    "cpf": 12345,
    "senha": "123456",
    "telefone": 12355,
    "cep": "141400000",
    "rua": "tudoetudo",
    "numero": 5,
    "cidade": "rio de janeiro",
    "estado": "RJ"
  },
  {
    "id": 4,
    "nome": "timtim",
    "cpf": 456789,
    "senha": "123456",
    "telefone": 123,
    "cep": "141400000",
    "rua": "sei la",
    "numero": 6,
    "cidade": "tbm nao sei",
    "estado": "MG"
  },
  {
    "id": 5,
    "nome": "tinkwink",
    "cpf": 789456,
    "senha": "123456",
    "telefone": 11,
    "cep": "141400000",
    "rua": "mundo",
    "numero": 17,
    "cidade": "mundo",
    "estado": "SP"
  },
  {
    "id": 6,
    "nome": "pokemon",
    "cpf": 369258,
    "senha": "123456",
    "telefone": 456,
    "cep": "141400000",
    "rua": "ask",
    "numero": 4,
    "cidade": "paleton",
    "estado": "SP"
  },
  {
    "id": 7,
    "nome": "pikachu",
    "cpf": 12345678916,
    "senha": "123456",
    "telefone": 1616,
    "cep": "141400000",
    "rua": "pokemon",
    "numero": 3,
    "cidade": "paleton",
    "estado": "SP"
  },
  {
    "id": 9,
    "nome": "bulbasaur",
    "cpf": 12345678922,
    "senha": "123456",
    "telefone": 45678,
    "cep": "141400000",
    "rua": "ask",
    "numero": 6,
    "cidade": "paleton",
    "estado": "RJ"
  },
  {
    "id": 10,
    "nome": "charmander",
    "cpf": 45445646569,
    "senha": "123456",
    "telefone": 456789,
    "cep": "141400000",
    "rua": "ask",
    "numero": 6,
    "cidade": "paleton",
    "estado": "RJ"
  },
  {
    "id": 12,
    "nome": "elis",
    "cpf": 34222225555,
    "senha": "123456",
    "telefone": 169999,
    "cep": "141410000",
    "rua": "gilberto",
    "numero": 111,
    "cidade": "cravinhos",
    "estado": "SP"
  },
  {
    "id": 13,
    "nome": "Suzana Marangone gone",
    "cpf": 12345678999,
    "senha": "123456",
    "telefone": 123456,
    "cep": "14140000",
    "rua": "longe",
    "numero": 4,
    "cidade": "cravinhos",
    "estado": "SP"
  },
  {
    "id": 11,
    "nome": "juremossa",
    "cpf": 66060606060,
    "senha": "123456",
    "telefone": 169921,
    "cep": "141410000",
    "rua": "jurema - ruaiii",
    "numero": 66,
    "cidade": "jurema - cidade",
    "estado": "RJ"
  }
][
  {
    "id": 2,
    "nome": "cremosa",
    "cnpj": 12345678901243,
    "senha": "123456",
    "telefone": 555555,
    "cidade": "cravinhos",
    "estado": "SP"
  },
  {
    "id": 1,
    "nome": "amba xiraaa",
    "cnpj": 12345678901234,
    "senha": "123456",
    "telefone": 555555,
    "cidade": "melba ramalho",
    "estado": "ES"
  }
][
  {
    "id": 7,
    "cpf_cliente": 34222225555,
    "cnpj_fornec": 12345678901234,
    "tp_servico": "M\u00e3o",
    "data": "2004",
    "hora": "13:49"
  },
  {
    "id": 13,
    "cpf_cliente": 66060606060,
    "cnpj_fornec": 12345678901243,
    "tp_servico": "M\u00e3o",
    "data": "2003",
    "hora": "17:39"
  },
  {
    "id": 15,
    "cpf_cliente": 12345678999,
    "cnpj_fornec": 12345678901243,
    "tp_servico": "M\u00e3o",
    "data": "2004",
    "hora": "17:47"
  },
  {
    "id": 16,
    "cpf_cliente": 12345678999,
    "cnpj_fornec": 12345678901243,
    "tp_servico": "M\u00e3o",
    "data": "2004",
    "hora": "17:47"
  },
  {
    "id": 18,
    "cpf_cliente": 12345678999,
    "cnpj_fornec": 12345678901234,
    "tp_servico": "P\u00e9",
    "data": "2004",
    "hora": "16:26"
  }
]